{"cameraMode":{"drawMode":0,"name":"Shaded","section":"Shading Mode"},"sceneLighting":true,"audioPlay":false,"sceneViewState":{"showFog":true,"showMaterialUpdate":false,"showSkybox":true,"showFlares":true,"showImageEffects":true,"showParticleSystems":true},"in2DMode":false,"pivot":{"x":-1.4789752960205079,"y":-0.8427720069885254,"z":-3.613654136657715},"rotation":{"x":0.0538385771214962,"y":0.9320902228355408,"z":-0.15550214052200318,"w":0.32270604372024538},"size":12.905309677124024,"orthographic":false}