{"cameraMode":{"drawMode":0,"name":"Shaded","section":"Shading Mode"},"sceneLighting":true,"audioPlay":false,"sceneViewState":{"showFog":true,"showMaterialUpdate":false,"showSkybox":true,"showFlares":true,"showImageEffects":true,"showParticleSystems":true},"in2DMode":false,"pivot":{"x":-0.004489421844482422,"y":0.32709360122680666,"z":-0.3209848403930664},"rotation":{"x":0.12153081595897675,"y":0.8138411045074463,"z":-0.1839650720357895,"w":0.5376351475715637},"size":7.401241302490234,"orthographic":false}