{"cameraMode":{"drawMode":0,"name":"Shaded","section":"Shading Mode"},"sceneLighting":true,"audioPlay":false,"sceneViewState":{"showFog":true,"showMaterialUpdate":false,"showSkybox":true,"showFlares":true,"showImageEffects":true,"showParticleSystems":true},"in2DMode":false,"pivot":{"x":0.7601027488708496,"y":2.341243028640747,"z":0.7692086696624756},"rotation":{"x":-0.03401707485318184,"y":0.9132782816886902,"z":0.07799161225557327,"w":0.39835286140441897},"size":1.5341460704803467,"orthographic":false}