{"cameraMode":{"drawMode":0,"name":"Shaded","section":"Shading Mode"},"sceneLighting":true,"audioPlay":false,"sceneViewState":{"showFog":true,"showMaterialUpdate":false,"showSkybox":true,"showFlares":true,"showImageEffects":true,"showParticleSystems":true},"in2DMode":false,"pivot":{"x":5.400742053985596,"y":0.38338422775268557,"z":2.784513473510742},"rotation":{"x":0.14205698668956757,"y":0.20769530534744264,"z":-0.03049975074827671,"w":0.9673494100570679},"size":16.87041664123535,"orthographic":false}