{"cameraMode":{"drawMode":0,"name":"Shaded","section":"Shading Mode"},"sceneLighting":true,"audioPlay":false,"sceneViewState":{"showFog":true,"showMaterialUpdate":false,"showSkybox":true,"showFlares":true,"showImageEffects":true,"showParticleSystems":true},"in2DMode":false,"pivot":{"x":0.7596925497055054,"y":1.3254733085632325,"z":0.7493833899497986},"rotation":{"x":0.1151503324508667,"y":0.6720824837684631,"z":-0.1069502905011177,"w":0.7236113548278809},"size":2.5444419384002687,"orthographic":false}